Name,Sex,Age
Erica Marks,Male,32
Lewie Plummer,Male,32
Paris Vo,Male,40
Aydin Fellows,Male,29
Fenton Healy,Male,30
Marshall Zimmerman,Male,38
Jean Mcintosh,Male,35
Blade Thomas,Male,33
Ines Mckenna,Male,35
Conna Neal,Male,37
Christie O'Brien,Male,34
Payton Jones,Male,38
Kacy Battle,Male,36
Rafe Gutierrez,Male,32
Aditya Shea,Male,37
Naveed Hail,Male,33
Glyn Warren,Male,34
Cameron Herman,Male,27
Mark Ryder,Male,28
Musa Puckett,Male,26
Aaryan Wood,Male,32
Ayush Hodges,Male,32
Jae Fulton,Male,40
Ruairidh Browning,Male,38
Kier Lloyd,Male,32
Hasan Finley,Male,40
Josh Dickson,Male,38
Hilda Enriquez,Male,33
Pharrell Merritt,Male,32
Harley House,Male,31
Korban Giles,Male,30
Khalid Mellor,Male,39
Waseem Mcdaniel,Male,30
Haider Fraser,Male,36
Devan Doyle,Male,34
Kia Gallegos,Male,39
Harper Dorsey,Male,37
Madison Christie,Male,39
Vivek Rubio,Male,29
Shayne Parsons,Male,32
Danyal Bartlett,Male,35
Tyreece Kaufman,Male,38
Wyatt Mcintyre,Male,28
Elmer Morley,Male,39
Darius Woodcock,Male,35
Abdur Shepherd,Male,32
Lexi Armstrong,Male,30
Aaron Key,Male,26
Paolo Cousins,Male,36
Deacon Montoya,Male,40
Eren Berg,Male,34
Patryk Perkins,Male,33
Ishaaq East,Male,28
Tre Edwards,Male,26
Killian Whitworth,Male,27
Josef Bain,Male,33
Marley Wilkins,Male,37
Kaleem Santana,Male,36
Tanya Everett,Male,39
Rehan Hoover,Male,31
Aarron Boyce,Male,28
Kiefer Sanders,Male,35
Kester Ferry,Male,33
Shahzaib Hubbard,Male,32
Aqib Chester,Male,34
Gus Donaldson,Male,26
Owain Hayden,Male,30
Zohaib Emery,Male,27
Abdurrahman Dale,Male,35
Piper Britton,Male,30
Franklyn Emerson,Male,31
Maurice Rodriquez,Male,27
Tadhg Spears,Male,27
Jayden-Lee Mccartney,Male,37
Maxime Love,Male,33
Sachin Simpson,Male,34
Zakk Parks,Male,40
Ben Vickers,Male,37
Mikaeel Bostock,Male,37
Randy Churchill,Male,38
Tommie Dillon,Male,26
Chandler Woodward,Male,36
Lacy Beaumont,Male,33
Rufus Warner,Male,32
Kya Day,Male,37
Nur Xiong,Male,33
Felix Pritchard,Male,33
Mert Bannister,Male,38
Damon Pearson,Male,37
Archie Murray,Male,37
Bayleigh Graves,Male,34
Abdur-Rahman Poole,Male,36
Kaci Wilkes,Male,40
Esa Wagstaff,Male,36
Ammar Mcknight,Male,31
Suhayb Fisher,Male,31
Shanay Britt,Male,35
Anand Tran,Male,34
Elliot Greenaway,Male,35
Shiloh Hensley,Male,30
Amelia Odling,Female,37
Antonia Cruz,Female,27
Caitlin Coles,Female,38
Sanaa Enriquez,Female,37
Fox Barr,Female,31
Hayley Britton,Female,33
Kiri Price,Female,29
Zahra Rees,Female,36
Amira Mathis,Female,39
Aamina Nicholson,Female,33
Dulcie Mccray,Female,40
Sahara Mclaughlin,Female,31
Ophelia Faulkner,Female,35
Pheobe Campbell,Female,36
Lucia Rowley,Female,35
Inayah Bowers,Female,33
Kloe Hebert,Female,32
Liana Dyer,Female,35
Katya Ellison,Female,28
Ella-Rose Santana,Female,34
Prisha Alfaro,Female,33
Jane Atherton,Female,31
Marley Gale,Female,30
Esmae Mcculloch,Female,39
Cali Flowers,Female,26
Shayan Rush,Female,30
Ellisha Christian,Female,38
Sultan Hamer,Female,27
Lorena Miller,Female,35
Adele Emerson,Female,34
Arianne Hudson,Female,30
Manpreet Henson,Female,26
Tiya Bloggs,Female,39
Ihsan Ramsay,Female,30
Lianne Ho,Female,36
Manal Barnett,Female,35
Rea Leal,Female,33
Holly Ferrell,Female,30
Halimah Massey,Female,30
Olivia-Mae Blackburn,Female,32
Bonita Hall,Female,28
Natalie Wolf,Female,33
Zoya Salinas,Female,34
Noor Salas,Female,30
Harper Bourne,Female,37
Indi Kirby,Female,27
Florence Robin,Female,31
Tiarna Ahmad,Female,38
Faizah Andersen,Female,37
Nikita Akhtar,Female,36
Thelma Hurst,Female,30
Sienna Beattie,Female,37
Samira Cole,Female,39
Valerie Church,Female,28
Peggy Woodley,Female,30
Amar Kaiser,Female,36
Alaw Vu,Female,34
Maisy Yu,Female,37
Cora Stott,Female,34
Sarina Morgan,Female,28
Yasemin Ridley,Female,32
Chardonnay Mcfarlane,Female,28
Nicole Montes,Female,40
Marlie Cervantes,Female,26
Mercedes Booker,Female,36
Millie-Rose Weston,Female,40
Dolcie Dickens,Female,30
Yasmin Roman,Female,35
Carson Clay,Female,31
Anna-Marie Harrington,Female,32
Alyssia Dominguez,Female,36
Carrie-Ann Lloyd,Female,38
Teri Mccarthy,Female,35
Rahma Graves,Female,37
Breanna Pace,Female,37
Ilayda Wormald,Female,33
Diya Penn,Female,31
Amiyah Hussain,Female,39
Landon O'Doherty,Female,28
Nazia Sharma,Female,28
Marwa Friedman,Female,28
Destiny Lacey,Female,38
Alexie Rodrigues,Female,40
Adriana Valencia,Female,37
Roshan Sheppard,Female,40
Menaal Houghton,Female,26
Teagan Corbett,Female,34
Alishba Duran,Female,28
Brody Lyons,Female,38
Bailey Butt,Female,29
Fannie Patrick,Female,35
Layla-Mae Richmond,Female,33
Theia Morrow,Female,29
Kerys Beech,Female,26
Rumaisa Lane,Female,32
Danniella Ware,Female,30
Susanna Hays,Female,27
Dina Khan,Female,30
Nichole Dodd,Female,31
Lainey Sheehan,Female,34
Kalum Whitworth,Male,38
Arron Stout,Male,39
Maheen Finney,Male,36
Alistair Rasmussen,Male,35
Ada Lynch,Male,26
Gordon Deacon,Male,36
Otto Daugherty,Male,31
Piers Boyle,Male,26
Saxon Riley,Male,37
Kaeden Vinson,Male,38
Alyx Peralta,Male,29
Keiron Parrish,Male,31
Riyad Glover,Male,30
Josef Love,Male,40
Milosz O'Quinn,Male,28
Ehsan William,Male,31
Kian Vasquez,Male,27
Griff Macfarlane,Male,27
Ramone Grimes,Male,27
Marcus Sweeney,Male,26
Whitney Saunders,Male,35
Zakariyah Proctor,Male,32
Piper Stevenson,Male,37
Jarod Grey,Male,27
Brittany Frame,Male,30
Kya Sears,Male,26
Macauley Forrest,Male,29
Azaan Dunlop,Male,31
Julius Mercado,Male,29
Eden Shannon,Male,27
Haydon Monroe,Male,33
Ishan Greaves,Male,40
Reid Britt,Male,33
Xavier Firth,Male,34
Abid Russo,Male,26
Laith Morris,Male,33
Jill Lim,Male,26
Kayne Foley,Male,40
Oscar Robson,Male,29
Thiago Prentice,Male,40
Kierran Hudson,Male,31
Isaiah Case,Male,29
Atticus Diaz,Male,37
Pablo Bourne,Male,30
Parker Mcpherson,Male,40
Stuart Wallis,Male,34
Vivian Neal,Male,36
Dewey Washington,Male,31
Ayub Barron,Male,38
Merryn Corrigan,Male,36
Humzah Bravo,Male,31
Akeel Knowles,Male,38
Christy Williams,Male,33
Moses Whittaker,Male,28
Bevan Cook,Male,35
Monty Spooner,Male,38
Jodie Dillard,Male,40
Darryl Mcgill,Male,30
Lawrence Collier,Male,31
Asad Best,Male,35
Amandeep Oneill,Male,39
Aidan Humphries,Male,29
Kevin Woodard,Male,26
Jaspal Odom,Male,39
Tobey Brady,Male,32
Karan Bolton,Male,33
Johnnie Dickens,Male,26
Amani Lawrence,Male,36
Leland Ashley,Male,27
Arun Salt,Male,32
Shayan Harper,Male,34
Rees Kouma,Male,30
Kyle Whittington,Male,38
Kia Blake,Male,29
Renee Reyna,Male,30
Morgan Rowland,Male,26
Zahid Randall,Male,39
Shola Escobar,Male,29
Connagh Fulton,Male,36
Kamran Benitez,Male,28
Sid Crawford,Male,37
Daanish Rooney,Male,27
Hassan Roman,Male,29
Madison Travers,Male,26
Bartlomiej Maxwell,Male,29
Dilan Marquez,Male,39
Teddie Carlson,Male,39
Kanye Hooper,Male,28
Cohen Storey,Male,40
Rome Aguirre,Male,30
Ariya Scott,Male,34
Alexander Lucero,Male,26
Keegan Mcguire,Male,31
Jai Samuels,Male,38
Domas Dawson,Male,26
Vivaan Bains,Male,32
Ioan Mckenzie,Male,26
Rhodri King,Male,34
Faisal Monaghan,Male,37
Olivier Bradford,Male,31